label,score_col,n_orr,pearson,spearman,within_disease_pair_weighted_pearson,within_disease_pair_weighted_spearman,auc_success_above_disease_median,variant,shuffle_iter
signed_mag_tail_soft_primary:real:hard_predicted_orr_pct,hard_predicted_orr_pct,44,0.387313057840853,0.44592097142339,0.2373443545148558,0.3250677721274742,0.650103519668737,signed_mag_tail_soft_primary,real
signed_mag_tail_soft_primary:gene_shuffle_0000:hard_predicted_orr_pct,hard_predicted_orr_pct,44,0.04206357325278146,0.10288338695728674,0.03219757804296282,0.15892608757043636,0.5921325051759835,signed_mag_tail_soft_primary,0
signed_mag_tail_soft_primary:gene_shuffle_0001:hard_predicted_orr_pct,hard_predicted_orr_pct,44,0.09472343309961409,0.015088996430206805,0.14412006784608572,0.07244170301371172,0.4720496894409938,signed_mag_tail_soft_primary,1
signed_mag_tail_soft_primary:gene_shuffle_0002:hard_predicted_orr_pct,hard_predicted_orr_pct,44,0.01515723564988461,-0.15870610542914776,-0.02074964115508644,-0.16244149353421078,0.4389233954451346,signed_mag_tail_soft_primary,2
signed_mag_tail_soft_primary:gene_shuffle_0003:hard_predicted_orr_pct,hard_predicted_orr_pct,44,-0.13442195579215876,-0.07096163782765177,0.23800315295727786,0.2710088930192354,0.5496894409937888,signed_mag_tail_soft_primary,3
signed_mag_tail_soft_primary:gene_shuffle_0004:hard_predicted_orr_pct,hard_predicted_orr_pct,44,-0.045040278182537835,-0.00820437701835869,0.1127673515686122,0.1528881411120653,0.5434782608695652,signed_mag_tail_soft_primary,4
signed_mag_tail_soft_primary:gene_shuffle_0005:hard_predicted_orr_pct,hard_predicted_orr_pct,44,0.14288066900538965,0.1899542259989058,0.07810229553028715,0.18183592228803322,0.5476190476190477,signed_mag_tail_soft_primary,5
signed_mag_tail_soft_primary:gene_shuffle_0006:hard_predicted_orr_pct,hard_predicted_orr_pct,44,-0.2221523099219659,-0.2175035727102726,0.019840708915528943,-0.019000959216799573,0.4813664596273292,signed_mag_tail_soft_primary,6
signed_mag_tail_soft_primary:gene_shuffle_0007:hard_predicted_orr_pct,hard_predicted_orr_pct,44,-0.11569397033129564,-0.24377173203683947,-0.21637425740938554,-0.3151815380822395,0.3333333333333333,signed_mag_tail_soft_primary,7
signed_mag_tail_soft_primary:gene_shuffle_0008:hard_predicted_orr_pct,hard_predicted_orr_pct,44,-0.136170914849698,-0.25992117703769996,-0.26681542847887507,-0.3608438579629133,0.36335403726708076,signed_mag_tail_soft_primary,8
signed_mag_tail_soft_primary:gene_shuffle_0009:hard_predicted_orr_pct,hard_predicted_orr_pct,44,-0.23930125262412913,-0.2772291937463571,-0.3105908800565176,-0.3371701504045913,0.453416149068323,signed_mag_tail_soft_primary,9
signed_mag_tail_soft_primary:gene_shuffle_0010:hard_predicted_orr_pct,hard_predicted_orr_pct,44,-0.13365611845378597,-0.13295276396250133,-0.180364954537283,-0.22190487339392967,0.39026915113871635,signed_mag_tail_soft_primary,10
signed_mag_tail_soft_primary:gene_shuffle_0011:hard_predicted_orr_pct,hard_predicted_orr_pct,44,-0.12050878400254206,-0.03849078759684106,0.05395200941972783,0.1801721732084306,0.5486542443064182,signed_mag_tail_soft_primary,11
signed_mag_tail_soft_primary:gene_shuffle_0012:hard_predicted_orr_pct,hard_predicted_orr_pct,44,0.03263732444115802,-0.06267137128741865,-0.0043978070521103,0.1039475041316136,0.5610766045548654,signed_mag_tail_soft_primary,12
signed_mag_tail_soft_primary:gene_shuffle_0013:hard_predicted_orr_pct,hard_predicted_orr_pct,44,0.052742171439298074,-0.02264869809133448,0.08331511245975039,0.1249495034758254,0.5279503105590062,signed_mag_tail_soft_primary,13
signed_mag_tail_soft_primary:gene_shuffle_0014:hard_predicted_orr_pct,hard_predicted_orr_pct,44,0.043211502683470654,0.1786175248954404,0.3825434911636527,0.43033149727874676,0.6190476190476191,signed_mag_tail_soft_primary,14
signed_mag_tail_soft_primary:gene_shuffle_0015:hard_predicted_orr_pct,hard_predicted_orr_pct,44,-0.1053365539205093,-0.06970690850897934,-0.0012337871049465092,0.009486503805460336,0.4751552795031056,signed_mag_tail_soft_primary,15
signed_mag_tail_soft_primary:gene_shuffle_0016:hard_predicted_orr_pct,hard_predicted_orr_pct,44,-0.2791723386540445,-0.26381998959732866,-0.19666856906088456,-0.11946980154119045,0.5279503105590062,signed_mag_tail_soft_primary,16
signed_mag_tail_soft_primary:gene_shuffle_0017:hard_predicted_orr_pct,hard_predicted_orr_pct,44,-0.05123555959390337,0.042557946272613875,0.03508950921331448,0.23815541827036604,0.6231884057971014,signed_mag_tail_soft_primary,17
signed_mag_tail_soft_primary:gene_shuffle_0018:hard_predicted_orr_pct,hard_predicted_orr_pct,44,-0.18840573827309653,-0.09658652358387827,0.1572500578803089,0.3216003978952346,0.5734989648033126,signed_mag_tail_soft_primary,18
signed_mag_tail_soft_primary:gene_shuffle_0019:hard_predicted_orr_pct,hard_predicted_orr_pct,44,-0.08054717278392945,-0.24080596241765856,-0.34866994371858995,-0.370790908813516,0.40165631469979296,signed_mag_tail_soft_primary,19
signed_mag_tail_soft_primary:gene_shuffle_0020:hard_predicted_orr_pct,hard_predicted_orr_pct,44,0.21193437939597554,0.1888837245062307,0.2077035263318629,0.2592706626666588,0.6118012422360248,signed_mag_tail_soft_primary,20
signed_mag_tail_soft_primary:gene_shuffle_0021:hard_predicted_orr_pct,hard_predicted_orr_pct,44,0.005080615199684016,-0.08359191461364486,-0.07786544253714557,-0.07786923129618804,0.4648033126293996,signed_mag_tail_soft_primary,21
signed_mag_tail_soft_primary:gene_shuffle_0022:hard_predicted_orr_pct,hard_predicted_orr_pct,44,0.018679456486566243,-0.04991349790743528,0.027938903291756523,0.06529558722634915,0.525879917184265,signed_mag_tail_soft_primary,22
signed_mag_tail_soft_primary:gene_shuffle_0023:hard_predicted_orr_pct,hard_predicted_orr_pct,44,-0.07744231470907828,-0.004087120631876154,-0.06891869029167422,0.053859475956447696,0.5693581780538303,signed_mag_tail_soft_primary,23
signed_mag_tail_soft_primary:gene_shuffle_0024:hard_predicted_orr_pct,hard_predicted_orr_pct,44,-0.10445940356905789,-0.09339911875113698,-0.09834785755431515,-0.014604947028547593,0.5217391304347826,signed_mag_tail_soft_primary,24
signed_mag_tail_soft_primary:gene_shuffle_0025:hard_predicted_orr_pct,hard_predicted_orr_pct,44,0.014328296162894622,-0.013521167862756322,0.02787738812905655,0.1541628597318728,0.5527950310559007,signed_mag_tail_soft_primary,25
signed_mag_tail_soft_primary:gene_shuffle_0026:hard_predicted_orr_pct,hard_predicted_orr_pct,44,0.0872349976936461,0.0486235875672066,0.07422855471917283,0.19524934272035735,0.6014492753623188,signed_mag_tail_soft_primary,26
signed_mag_tail_soft_primary:gene_shuffle_0027:hard_predicted_orr_pct,hard_predicted_orr_pct,44,-0.04279405054497398,-0.06449371181374963,-0.14559214717595442,-0.18752243889377393,0.4057971014492754,signed_mag_tail_soft_primary,27
signed_mag_tail_soft_primary:gene_shuffle_0028:hard_predicted_orr_pct,hard_predicted_orr_pct,44,-0.17656021609777128,-0.22691836173412425,0.050012927940410415,0.007470124965391976,0.4886128364389234,signed_mag_tail_soft_primary,28
signed_mag_tail_soft_primary:gene_shuffle_0029:hard_predicted_orr_pct,hard_predicted_orr_pct,44,-0.30548679857963307,-0.345689195412441,-0.3326374748723201,-0.4102125662098608,0.39544513457556935,signed_mag_tail_soft_primary,29
signed_mag_tail_soft_primary:gene_shuffle_0030:hard_predicted_orr_pct,hard_predicted_orr_pct,44,-0.16059811627911882,-0.2638666374174762,-0.24429124040928735,-0.3009345493722559,0.46790890269151136,signed_mag_tail_soft_primary,30
signed_mag_tail_soft_primary:gene_shuffle_0031:hard_predicted_orr_pct,hard_predicted_orr_pct,44,-0.08048923346308648,0.08039758529995687,0.04077965193650093,0.14352659519571648,0.5227743271221532,signed_mag_tail_soft_primary,31
signed_mag_tail_soft_primary:gene_shuffle_0032:hard_predicted_orr_pct,hard_predicted_orr_pct,44,-0.04873487602385561,-0.028514064198169545,0.19043491398739615,0.2740290950173299,0.5610766045548654,signed_mag_tail_soft_primary,32
signed_mag_tail_soft_primary:gene_shuffle_0033:hard_predicted_orr_pct,hard_predicted_orr_pct,44,-0.1878289529441315,-0.2154781617901449,-0.27960411652469846,-0.3773301804589961,0.38509316770186336,signed_mag_tail_soft_primary,33
signed_mag_tail_soft_primary:gene_shuffle_0034:hard_predicted_orr_pct,hard_predicted_orr_pct,44,0.39926167929371936,0.19361678179128236,0.36503961155968173,0.3646734394241763,0.6035196687370601,signed_mag_tail_soft_primary,34
signed_mag_tail_soft_primary:gene_shuffle_0035:hard_predicted_orr_pct,hard_predicted_orr_pct,44,-0.008629887406342747,0.0911717986579907,0.1827803781069215,0.3399747204245099,0.572463768115942,signed_mag_tail_soft_primary,35
signed_mag_tail_soft_primary:gene_shuffle_0036:hard_predicted_orr_pct,hard_predicted_orr_pct,44,-0.18590235515457262,-0.22390821310842782,-0.24616434261602943,-0.38723894006335385,0.39855072463768115,signed_mag_tail_soft_primary,36
signed_mag_tail_soft_primary:gene_shuffle_0037:hard_predicted_orr_pct,hard_predicted_orr_pct,44,-0.18442307114385326,-0.33089527065176183,-0.18411078483384513,-0.3183180826845122,0.37163561076604557,signed_mag_tail_soft_primary,37
signed_mag_tail_soft_primary:gene_shuffle_0038:hard_predicted_orr_pct,hard_predicted_orr_pct,44,-0.034371152175945975,0.03938387087369756,0.1748833289257012,0.29069813430073416,0.6231884057971014,signed_mag_tail_soft_primary,38
signed_mag_tail_soft_primary:gene_shuffle_0039:hard_predicted_orr_pct,hard_predicted_orr_pct,44,0.22543638415183467,0.09267628691813729,0.15041414173592685,0.26640106566100336,0.6490683229813664,signed_mag_tail_soft_primary,39
signed_mag_tail_soft_primary:gene_shuffle_0040:hard_predicted_orr_pct,hard_predicted_orr_pct,44,0.11479011623597153,-0.12215154405442676,-0.007400574556096467,0.009104755170220915,0.5362318840579711,signed_mag_tail_soft_primary,40
signed_mag_tail_soft_primary:gene_shuffle_0041:hard_predicted_orr_pct,hard_predicted_orr_pct,44,-0.17202266076854641,-0.314524807896459,-0.16939151611465408,-0.2761550337088679,0.4389233954451346,signed_mag_tail_soft_primary,41
signed_mag_tail_soft_primary:gene_shuffle_0042:hard_predicted_orr_pct,hard_predicted_orr_pct,44,-0.3633534406469535,-0.42049189498073186,-0.40729325826047214,-0.42749331359424464,0.37163561076604557,signed_mag_tail_soft_primary,42
signed_mag_tail_soft_primary:gene_shuffle_0043:hard_predicted_orr_pct,hard_predicted_orr_pct,44,-0.2655537259959394,-0.2833195301057619,-0.2862714292021992,-0.30883343205367986,0.427536231884058,signed_mag_tail_soft_primary,43
signed_mag_tail_soft_primary:gene_shuffle_0044:hard_predicted_orr_pct,hard_predicted_orr_pct,44,-0.08295874748179347,-0.023545195054753217,-0.06128404857923614,0.07267200071655056,0.5186335403726708,signed_mag_tail_soft_primary,44
signed_mag_tail_soft_primary:gene_shuffle_0045:hard_predicted_orr_pct,hard_predicted_orr_pct,44,-0.05240643865786323,-0.03752478653482948,0.023596007490620647,0.11116957878528261,0.505175983436853,signed_mag_tail_soft_primary,45
signed_mag_tail_soft_primary:gene_shuffle_0046:hard_predicted_orr_pct,hard_predicted_orr_pct,44,-0.10611121441091001,-0.08984384538038614,-0.1486853336923033,-0.059008804078940325,0.5238095238095238,signed_mag_tail_soft_primary,46
signed_mag_tail_soft_primary:gene_shuffle_0047:hard_predicted_orr_pct,hard_predicted_orr_pct,44,-0.018703446119851197,-0.10277086871921702,-0.1431761017604332,-0.08386168174160887,0.4937888198757764,signed_mag_tail_soft_primary,47
signed_mag_tail_soft_primary:gene_shuffle_0048:hard_predicted_orr_pct,hard_predicted_orr_pct,44,0.18178625752383865,0.10600886480061258,0.11166688601917127,0.20352534411344447,0.5973084886128365,signed_mag_tail_soft_primary,48
signed_mag_tail_soft_primary:gene_shuffle_0049:hard_predicted_orr_pct,hard_predicted_orr_pct,44,-0.050484254106254844,-0.006253691019462961,0.1580725125323229,0.19602673625402164,0.567287784679089,signed_mag_tail_soft_primary,49
signed_mag_tail_soft_primary:gene_shuffle_0050:hard_predicted_orr_pct,hard_predicted_orr_pct,44,-0.304378041747184,-0.3979647538293842,-0.31194346548217244,-0.44256582031746733,0.36438923395445133,signed_mag_tail_soft_primary,50
signed_mag_tail_soft_primary:gene_shuffle_0051:hard_predicted_orr_pct,hard_predicted_orr_pct,44,-0.24650542832336952,-0.3913551475133038,-0.27286066695495464,-0.3573318476516487,0.33954451345755693,signed_mag_tail_soft_primary,51
signed_mag_tail_soft_primary:gene_shuffle_0052:hard_predicted_orr_pct,hard_predicted_orr_pct,44,0.08803387016724042,0.1519542590415007,0.027367861363295862,0.1845921658769977,0.572463768115942,signed_mag_tail_soft_primary,52
signed_mag_tail_soft_primary:gene_shuffle_0053:hard_predicted_orr_pct,hard_predicted_orr_pct,44,-0.2044311963625536,-0.2487907990769221,-0.12653871818738102,-0.13677509834444454,0.40372670807453415,signed_mag_tail_soft_primary,53
signed_mag_tail_soft_primary:gene_shuffle_0054:hard_predicted_orr_pct,hard_predicted_orr_pct,44,0.15859332347055458,0.1888983008087615,0.17820806859074143,0.19131363039647964,0.525879917184265,signed_mag_tail_soft_primary,54
signed_mag_tail_soft_primary:gene_shuffle_0055:hard_predicted_orr_pct,hard_predicted_orr_pct,44,-0.04133259257763784,-0.104729442042551,0.022440594457119333,-0.015554998009352944,0.4720496894409938,signed_mag_tail_soft_primary,55
signed_mag_tail_soft_primary:gene_shuffle_0056:hard_predicted_orr_pct,hard_predicted_orr_pct,44,0.2549423136806358,0.22408000758855584,0.27485130954635795,0.3206441079222053,0.5496894409937888,signed_mag_tail_soft_primary,56
signed_mag_tail_soft_primary:gene_shuffle_0057:hard_predicted_orr_pct,hard_predicted_orr_pct,44,-0.09584689079621578,-0.2544019650507466,-0.15452262397853136,-0.2629991581532613,0.4658385093167702,signed_mag_tail_soft_primary,57
signed_mag_tail_soft_primary:gene_shuffle_0058:hard_predicted_orr_pct,hard_predicted_orr_pct,44,-0.11849361099583045,-0.17544965340475618,0.023288418490376824,0.14393948027910922,0.520703933747412,signed_mag_tail_soft_primary,58
signed_mag_tail_soft_primary:gene_shuffle_0059:hard_predicted_orr_pct,hard_predicted_orr_pct,44,-0.014469949261139592,-0.05539728389136389,0.258611108570533,0.2749727001606805,0.5890269151138716,signed_mag_tail_soft_primary,59
signed_mag_tail_soft_primary:gene_shuffle_0060:hard_predicted_orr_pct,hard_predicted_orr_pct,44,-0.27735237513003114,-0.40786577267632257,-0.241311769921293,-0.4088672247698675,0.32608695652173914,signed_mag_tail_soft_primary,60
signed_mag_tail_soft_primary:gene_shuffle_0061:hard_predicted_orr_pct,hard_predicted_orr_pct,44,0.09943676840019676,0.175451866445325,0.07992190883006335,0.28129738812924926,0.6728778467908902,signed_mag_tail_soft_primary,61
signed_mag_tail_soft_primary:gene_shuffle_0062:hard_predicted_orr_pct,hard_predicted_orr_pct,44,-0.09715506171587635,-0.27887424560032553,-0.11655995608685671,-0.31407745815961496,0.35093167701863354,signed_mag_tail_soft_primary,62
signed_mag_tail_soft_primary:gene_shuffle_0063:hard_predicted_orr_pct,hard_predicted_orr_pct,44,-0.1373532302820149,-0.1879971324987478,0.168073676639919,0.12137492279709813,0.5652173913043478,signed_mag_tail_soft_primary,63
signed_mag_tail_soft_primary:gene_shuffle_0064:hard_predicted_orr_pct,hard_predicted_orr_pct,44,0.018971371873570522,0.1637534402092274,0.2482349256722207,0.3366510035306712,0.6583850931677019,signed_mag_tail_soft_primary,64
signed_mag_tail_soft_primary:gene_shuffle_0065:hard_predicted_orr_pct,hard_predicted_orr_pct,44,0.0569840622396626,0.08810136578376962,0.009692741201145959,-0.0014296453586205395,0.4824016563146998,signed_mag_tail_soft_primary,65
signed_mag_tail_soft_primary:gene_shuffle_0066:hard_predicted_orr_pct,hard_predicted_orr_pct,44,-0.20794697731277784,-0.2670073452650754,-0.151875455404801,-0.14632991308549215,0.4409937888198758,signed_mag_tail_soft_primary,66
signed_mag_tail_soft_primary:gene_shuffle_0067:hard_predicted_orr_pct,hard_predicted_orr_pct,44,0.01335083504691352,-0.002971356469996823,0.07355860015381423,0.19397062532316384,0.5559006211180124,signed_mag_tail_soft_primary,67
signed_mag_tail_soft_primary:gene_shuffle_0068:hard_predicted_orr_pct,hard_predicted_orr_pct,44,-0.11485860106199941,-0.12154539424568063,-0.05808898979833576,-0.07565906207802732,0.4865424430641822,signed_mag_tail_soft_primary,68
signed_mag_tail_soft_primary:gene_shuffle_0069:hard_predicted_orr_pct,hard_predicted_orr_pct,44,0.0734711840428002,-0.017559244957715783,-0.016260996905104224,-0.02642256776688014,0.5279503105590062,signed_mag_tail_soft_primary,69
signed_mag_tail_soft_primary:gene_shuffle_0070:hard_predicted_orr_pct,hard_predicted_orr_pct,44,-0.24274318860830726,-0.2390867957805306,-0.46452111423900705,-0.46882249631657,0.4813664596273292,signed_mag_tail_soft_primary,70
signed_mag_tail_soft_primary:gene_shuffle_0071:hard_predicted_orr_pct,hard_predicted_orr_pct,44,-0.13121266172437873,-0.13345399430298088,0.514386126970717,0.0,0.5020703933747412,signed_mag_tail_soft_primary,71
signed_mag_tail_soft_primary:gene_shuffle_0072:hard_predicted_orr_pct,hard_predicted_orr_pct,44,-0.30934211379122034,-0.46847868585926256,-0.37949604295987627,-0.5184980797666263,0.36645962732919257,signed_mag_tail_soft_primary,72
signed_mag_tail_soft_primary:gene_shuffle_0073:hard_predicted_orr_pct,hard_predicted_orr_pct,44,0.08261688410699215,0.10747981022399992,0.19316927097474373,0.2469461422354131,0.5507246376811594,signed_mag_tail_soft_primary,73
signed_mag_tail_soft_primary:gene_shuffle_0074:hard_predicted_orr_pct,hard_predicted_orr_pct,44,-0.18919315730185612,-0.18980747822588875,0.141996807285234,0.09966923100561345,0.468944099378882,signed_mag_tail_soft_primary,74
signed_mag_tail_soft_primary:gene_shuffle_0075:hard_predicted_orr_pct,hard_predicted_orr_pct,44,-0.1589252258346689,-0.1748196797944108,0.1114528370566821,0.023854689489135744,0.48757763975155277,signed_mag_tail_soft_primary,75
signed_mag_tail_soft_primary:gene_shuffle_0076:hard_predicted_orr_pct,hard_predicted_orr_pct,44,-0.29281514795080044,-0.30430203803553557,-0.31107893717715396,-0.3517267315036055,0.4109730848861284,signed_mag_tail_soft_primary,76
signed_mag_tail_soft_primary:gene_shuffle_0077:hard_predicted_orr_pct,hard_predicted_orr_pct,44,-0.006538699438916218,-0.04226599058626777,0.06986995904456814,0.16979467347721777,0.5683229813664596,signed_mag_tail_soft_primary,77
signed_mag_tail_soft_primary:gene_shuffle_0078:hard_predicted_orr_pct,hard_predicted_orr_pct,44,-0.03428946508909177,-0.036811451798022594,-0.147537402768542,-0.05673519495830088,0.5144927536231884,signed_mag_tail_soft_primary,78
signed_mag_tail_soft_primary:gene_shuffle_0079:hard_predicted_orr_pct,hard_predicted_orr_pct,44,-0.07285390741871359,-0.08761931402251949,-0.13351479281082354,-0.1264724404180921,0.4782608695652174,signed_mag_tail_soft_primary,79
signed_mag_tail_soft_primary:gene_shuffle_0080:hard_predicted_orr_pct,hard_predicted_orr_pct,44,0.06997162832362082,-0.0295950203236957,-0.1516845050674976,-0.09475631420976675,0.5031055900621118,signed_mag_tail_soft_primary,80
signed_mag_tail_soft_primary:gene_shuffle_0081:hard_predicted_orr_pct,hard_predicted_orr_pct,44,-0.11952968740282531,-0.04338368873809072,-0.04860892128046517,0.008183536305884326,0.5082815734989649,signed_mag_tail_soft_primary,81
signed_mag_tail_soft_primary:gene_shuffle_0082:hard_predicted_orr_pct,hard_predicted_orr_pct,44,0.14327508189159854,0.12283439441561882,0.015493809989498817,0.06117502389315373,0.5082815734989649,signed_mag_tail_soft_primary,82
signed_mag_tail_soft_primary:gene_shuffle_0083:hard_predicted_orr_pct,hard_predicted_orr_pct,44,-0.16562056649938148,-0.1255345208915285,-0.08439125906896476,-0.09617537892491608,0.5507246376811594,signed_mag_tail_soft_primary,83
signed_mag_tail_soft_primary:gene_shuffle_0084:hard_predicted_orr_pct,hard_predicted_orr_pct,44,0.07936637812410186,0.03238420464100089,0.1431100002699534,0.1571777351677204,0.5113871635610766,signed_mag_tail_soft_primary,84
signed_mag_tail_soft_primary:gene_shuffle_0085:hard_predicted_orr_pct,hard_predicted_orr_pct,44,0.02133714895999911,0.061326052870430345,0.05421138589307503,0.040450294501808204,0.5082815734989649,signed_mag_tail_soft_primary,85
signed_mag_tail_soft_primary:gene_shuffle_0086:hard_predicted_orr_pct,hard_predicted_orr_pct,44,-0.03817888516713827,-0.01982492737098493,0.0625478645686846,0.20088788732562296,0.5289855072463768,signed_mag_tail_soft_primary,86
signed_mag_tail_soft_primary:gene_shuffle_0087:hard_predicted_orr_pct,hard_predicted_orr_pct,44,-0.26761344706986756,-0.30136256969921704,-0.32168078863219945,-0.3213140883982661,0.42132505175983437,signed_mag_tail_soft_primary,87
signed_mag_tail_soft_primary:gene_shuffle_0088:hard_predicted_orr_pct,hard_predicted_orr_pct,44,0.2171904852946317,0.15349915806893683,0.16508952085866263,0.2989644956838927,0.6180124223602484,signed_mag_tail_soft_primary,88
signed_mag_tail_soft_primary:gene_shuffle_0089:hard_predicted_orr_pct,hard_predicted_orr_pct,44,-0.23723656448007657,-0.18836197984640046,-0.06551376912021968,-0.043293409279278175,0.43167701863354035,signed_mag_tail_soft_primary,89
signed_mag_tail_soft_primary:gene_shuffle_0090:hard_predicted_orr_pct,hard_predicted_orr_pct,44,-0.01922100921823547,-0.02182627848395588,0.29347494402709257,0.3962834653623921,0.6304347826086957,signed_mag_tail_soft_primary,90
signed_mag_tail_soft_primary:gene_shuffle_0091:hard_predicted_orr_pct,hard_predicted_orr_pct,44,0.11080339216482189,0.010271169950239495,0.12206115652616119,0.305359137853816,0.629399585921325,signed_mag_tail_soft_primary,91
signed_mag_tail_soft_primary:gene_shuffle_0092:hard_predicted_orr_pct,hard_predicted_orr_pct,44,-0.13830436975803978,-0.18129951473479308,-0.04119603220841355,-0.017141626230912102,0.525879917184265,signed_mag_tail_soft_primary,92
signed_mag_tail_soft_primary:gene_shuffle_0093:hard_predicted_orr_pct,hard_predicted_orr_pct,44,-0.2903429610545798,-0.39880451737040257,-0.2971818269118691,-0.36347060706646755,0.3219461697722567,signed_mag_tail_soft_primary,93
signed_mag_tail_soft_primary:gene_shuffle_0094:hard_predicted_orr_pct,hard_predicted_orr_pct,44,-0.14978624513523148,-0.28266587733482357,-0.2692525975794506,-0.2854548456249597,0.45134575569358176,signed_mag_tail_soft_primary,94
signed_mag_tail_soft_primary:gene_shuffle_0095:hard_predicted_orr_pct,hard_predicted_orr_pct,44,-0.3039577909946307,-0.407790796561064,-0.33726287982801656,-0.45393814159162726,0.37267080745341613,signed_mag_tail_soft_primary,95
signed_mag_tail_soft_primary:gene_shuffle_0096:hard_predicted_orr_pct,hard_predicted_orr_pct,44,-0.281500077498373,-0.27623622919636576,-0.24337734789136295,-0.2011622694565334,0.4648033126293996,signed_mag_tail_soft_primary,96
signed_mag_tail_soft_primary:gene_shuffle_0097:hard_predicted_orr_pct,hard_predicted_orr_pct,44,-0.25037386884911406,-0.25093831528579763,-0.38128132572262385,-0.38898088390567237,0.41511387163561075,signed_mag_tail_soft_primary,97
signed_mag_tail_soft_primary:gene_shuffle_0098:hard_predicted_orr_pct,hard_predicted_orr_pct,44,-0.13850900854130202,-0.14053097511210844,-0.17645443576275285,-0.16397338602442207,0.4668737060041408,signed_mag_tail_soft_primary,98
signed_mag_tail_soft_primary:gene_shuffle_0099:hard_predicted_orr_pct,hard_predicted_orr_pct,44,-0.28237542303357877,-0.30706916821984154,-0.2553997376116258,-0.1860036153461768,0.4886128364389234,signed_mag_tail_soft_primary,99
signed_mag_tail_hard_reference:real:hard_predicted_orr_pct,hard_predicted_orr_pct,44,0.5624889246737934,0.6214189900360507,0.40849550340693563,0.49509883745175465,0.7391304347826086,signed_mag_tail_hard_reference,real
signed_mag_tail_hard_reference:gene_shuffle_0000:hard_predicted_orr_pct,hard_predicted_orr_pct,44,0.22032664736176627,0.3006100321949776,0.11814354364959334,0.30000350557763017,0.6428571428571429,signed_mag_tail_hard_reference,0
signed_mag_tail_hard_reference:gene_shuffle_0001:hard_predicted_orr_pct,hard_predicted_orr_pct,44,0.011830486782002353,-0.0399008764378489,0.19178144237512523,0.14274234372781539,0.5496894409937888,signed_mag_tail_hard_reference,1
signed_mag_tail_hard_reference:gene_shuffle_0002:hard_predicted_orr_pct,hard_predicted_orr_pct,44,-0.20411146095644994,-0.31615383148079046,-0.08479836932050595,-0.2693320926919138,0.3146997929606625,signed_mag_tail_hard_reference,2
signed_mag_tail_hard_reference:gene_shuffle_0003:hard_predicted_orr_pct,hard_predicted_orr_pct,44,-0.24546221786095163,-0.20825986400818977,0.038832587320966915,0.014601061053314282,0.48757763975155277,signed_mag_tail_hard_reference,3
signed_mag_tail_hard_reference:gene_shuffle_0004:hard_predicted_orr_pct,hard_predicted_orr_pct,44,0.2597812337891581,0.23478845572542906,0.4201490764021522,0.4306996330508949,0.6459627329192547,signed_mag_tail_hard_reference,4
signed_mag_tail_hard_reference:gene_shuffle_0005:hard_predicted_orr_pct,hard_predicted_orr_pct,44,0.388493015212218,0.3149375249699047,0.23869970358931936,0.2432589936997011,0.6304347826086957,signed_mag_tail_hard_reference,5
signed_mag_tail_hard_reference:gene_shuffle_0006:hard_predicted_orr_pct,hard_predicted_orr_pct,44,-0.13475094748717836,-0.20055329686295464,0.1383277880000788,0.055766156254798686,0.4886128364389234,signed_mag_tail_hard_reference,6
signed_mag_tail_hard_reference:gene_shuffle_0007:hard_predicted_orr_pct,hard_predicted_orr_pct,44,-0.17278505094886026,-0.29179636919091845,-0.18943930178423404,-0.3556115035508502,0.3022774327122153,signed_mag_tail_hard_reference,7
signed_mag_tail_hard_reference:gene_shuffle_0008:hard_predicted_orr_pct,hard_predicted_orr_pct,44,-0.22723077396583805,-0.2763411526921575,-0.24897361432855564,-0.31863508941324087,0.35610766045548653,signed_mag_tail_hard_reference,8
signed_mag_tail_hard_reference:gene_shuffle_0009:hard_predicted_orr_pct,hard_predicted_orr_pct,44,-0.13937497215463046,-0.1500625171050469,-0.30433811007359923,-0.35397409015485404,0.34886128364389235,signed_mag_tail_hard_reference,9
signed_mag_tail_hard_reference:gene_shuffle_0010:hard_predicted_orr_pct,hard_predicted_orr_pct,44,-0.009544817594781853,0.014189667516521268,-0.025890715483178603,-0.06455298186395707,0.4254658385093168,signed_mag_tail_hard_reference,10
signed_mag_tail_hard_reference:gene_shuffle_0011:hard_predicted_orr_pct,hard_predicted_orr_pct,44,-0.0652696376997512,-0.03092344672579899,0.1784383444062049,0.26180126174346935,0.5766045548654244,signed_mag_tail_hard_reference,11
signed_mag_tail_hard_reference:gene_shuffle_0012:hard_predicted_orr_pct,hard_predicted_orr_pct,44,0.1913686253183274,0.12376014955510233,0.16117545049587612,0.16092794780556055,0.6118012422360248,signed_mag_tail_hard_reference,12
signed_mag_tail_hard_reference:gene_shuffle_0013:hard_predicted_orr_pct,hard_predicted_orr_pct,44,0.16981436129968955,0.15507927178165903,0.2998832334187589,0.34633039282991035,0.6749482401656315,signed_mag_tail_hard_reference,13
signed_mag_tail_hard_reference:gene_shuffle_0014:hard_predicted_orr_pct,hard_predicted_orr_pct,44,-0.1682868308104672,-0.09140361553736848,0.057355730307682116,0.023255163642969156,0.47929606625258797,signed_mag_tail_hard_reference,14
signed_mag_tail_hard_reference:gene_shuffle_0015:hard_predicted_orr_pct,hard_predicted_orr_pct,44,-0.11015842373642123,-0.1582848390839731,0.058309509650258856,-0.040259536313933524,0.4668737060041408,signed_mag_tail_hard_reference,15
signed_mag_tail_hard_reference:gene_shuffle_0016:hard_predicted_orr_pct,hard_predicted_orr_pct,44,-0.33521143233320505,-0.28854611801866964,-0.3015038267825931,-0.3026802457550012,0.34057971014492755,signed_mag_tail_hard_reference,16
signed_mag_tail_hard_reference:gene_shuffle_0017:hard_predicted_orr_pct,hard_predicted_orr_pct,44,0.12773587669691838,0.16574599599327083,0.32857379434890316,0.4535686487758811,0.6759834368530021,signed_mag_tail_hard_reference,17
signed_mag_tail_hard_reference:gene_shuffle_0018:hard_predicted_orr_pct,hard_predicted_orr_pct,44,-0.09044621313725557,-0.05211599460162198,0.190835312167597,0.29689960721228015,0.5942028985507246,signed_mag_tail_hard_reference,18
signed_mag_tail_hard_reference:gene_shuffle_0019:hard_predicted_orr_pct,hard_predicted_orr_pct,44,0.12741981934248858,0.10804980515937855,0.04834080945232151,-0.007441607881153864,0.4337474120082816,signed_mag_tail_hard_reference,19
signed_mag_tail_hard_reference:gene_shuffle_0020:hard_predicted_orr_pct,hard_predicted_orr_pct,44,0.2033193290545645,0.273393701667145,0.20781297329077641,0.34641716104892195,0.7101449275362319,signed_mag_tail_hard_reference,20
signed_mag_tail_hard_reference:gene_shuffle_0021:hard_predicted_orr_pct,hard_predicted_orr_pct,44,0.006114723156365687,-0.05683588249293625,-0.04439508216462391,-0.14839972350031552,0.4306418219461698,signed_mag_tail_hard_reference,21
signed_mag_tail_hard_reference:gene_shuffle_0022:hard_predicted_orr_pct,hard_predicted_orr_pct,44,-0.056209808376378276,-0.02488512405721521,0.022568040980795345,0.24666419510123236,0.5496894409937888,signed_mag_tail_hard_reference,22
signed_mag_tail_hard_reference:gene_shuffle_0023:hard_predicted_orr_pct,hard_predicted_orr_pct,44,0.09437481056167638,0.23322770281019373,0.03447572125904735,0.1895248113621113,0.5859213250517599,signed_mag_tail_hard_reference,23
signed_mag_tail_hard_reference:gene_shuffle_0024:hard_predicted_orr_pct,hard_predicted_orr_pct,44,-0.07423819958278799,-0.10467881900466278,-0.261826280066879,-0.302713884783148,0.4503105590062112,signed_mag_tail_hard_reference,24
signed_mag_tail_hard_reference:gene_shuffle_0025:hard_predicted_orr_pct,hard_predicted_orr_pct,44,-0.1331849601905971,-0.18364454866312277,-0.061022502944438686,-0.11593081040141266,0.49585921325051757,signed_mag_tail_hard_reference,25
signed_mag_tail_hard_reference:gene_shuffle_0026:hard_predicted_orr_pct,hard_predicted_orr_pct,44,-0.05630530567021337,0.055540041483885146,-0.03846654314142368,0.15880065001950766,0.5445134575569358,signed_mag_tail_hard_reference,26
signed_mag_tail_hard_reference:gene_shuffle_0027:hard_predicted_orr_pct,hard_predicted_orr_pct,44,-0.07445231390336914,-0.018037774347392163,-0.14021023685348943,-0.16699913426226257,0.4161490683229814,signed_mag_tail_hard_reference,27
signed_mag_tail_hard_reference:gene_shuffle_0028:hard_predicted_orr_pct,hard_predicted_orr_pct,44,-0.2044694409150546,-0.2175421051913424,-0.048374936708305914,-0.12430499662315031,0.4803312629399586,signed_mag_tail_hard_reference,28
signed_mag_tail_hard_reference:gene_shuffle_0029:hard_predicted_orr_pct,hard_predicted_orr_pct,44,-0.30823912493480937,-0.3119454081967809,-0.3727565386243707,-0.415716788657884,0.3612836438923395,signed_mag_tail_hard_reference,29
signed_mag_tail_hard_reference:gene_shuffle_0030:hard_predicted_orr_pct,hard_predicted_orr_pct,44,-0.1149225078020921,-0.14813126908371238,-0.16799876819925774,-0.3162767922354329,0.4057971014492754,signed_mag_tail_hard_reference,30
signed_mag_tail_hard_reference:gene_shuffle_0031:hard_predicted_orr_pct,hard_predicted_orr_pct,44,0.1287808370810617,0.22272550686576748,0.2514703873788858,0.329546051987588,0.6045548654244306,signed_mag_tail_hard_reference,31
signed_mag_tail_hard_reference:gene_shuffle_0032:hard_predicted_orr_pct,hard_predicted_orr_pct,44,0.04265912285012877,-0.007875440269515985,0.2210814994022512,0.23254750551533615,0.5372670807453416,signed_mag_tail_hard_reference,32
signed_mag_tail_hard_reference:gene_shuffle_0033:hard_predicted_orr_pct,hard_predicted_orr_pct,44,-0.08332098153398906,-0.049303216614276835,-0.29507102627415754,-0.3440438938112084,0.39337474120082816,signed_mag_tail_hard_reference,33
signed_mag_tail_hard_reference:gene_shuffle_0034:hard_predicted_orr_pct,hard_predicted_orr_pct,44,-0.1701743495373555,-0.15967407588703522,-0.007879155046306355,0.08249664082088604,0.531055900621118,signed_mag_tail_hard_reference,34
signed_mag_tail_hard_reference:gene_shuffle_0035:hard_predicted_orr_pct,hard_predicted_orr_pct,44,-0.0499500671515306,-0.007436790460233276,0.24335172673759065,0.28026538533560746,0.5227743271221532,signed_mag_tail_hard_reference,35
signed_mag_tail_hard_reference:gene_shuffle_0036:hard_predicted_orr_pct,hard_predicted_orr_pct,44,-0.21129513635897207,-0.26543150104644625,-0.14224686601414827,-0.27712818048943144,0.34265010351966874,signed_mag_tail_hard_reference,36
signed_mag_tail_hard_reference:gene_shuffle_0037:hard_predicted_orr_pct,hard_predicted_orr_pct,44,-0.25456514433082267,-0.3989308187710505,-0.26375240826526203,-0.4281346315677538,0.2836438923395445,signed_mag_tail_hard_reference,37
signed_mag_tail_hard_reference:gene_shuffle_0038:hard_predicted_orr_pct,hard_predicted_orr_pct,44,-0.020852430212770716,0.03773050935457526,0.1609549693626934,0.17019661154616303,0.5942028985507246,signed_mag_tail_hard_reference,38
signed_mag_tail_hard_reference:gene_shuffle_0039:hard_predicted_orr_pct,hard_predicted_orr_pct,44,0.1250716448033694,0.16008112963177623,0.1878164839960173,0.3516068559139998,0.7008281573498965,signed_mag_tail_hard_reference,39
signed_mag_tail_hard_reference:gene_shuffle_0040:hard_predicted_orr_pct,hard_predicted_orr_pct,44,0.06377713967731127,0.0461696167256285,0.1205699397438872,0.2978426270631444,0.6625258799171843,signed_mag_tail_hard_reference,40
signed_mag_tail_hard_reference:gene_shuffle_0041:hard_predicted_orr_pct,hard_predicted_orr_pct,44,-0.1856181497973502,-0.291286450549403,-0.24407403117101512,-0.35294665681084825,0.3219461697722567,signed_mag_tail_hard_reference,41
signed_mag_tail_hard_reference:gene_shuffle_0042:hard_predicted_orr_pct,hard_predicted_orr_pct,44,-0.2952333585873984,-0.3587112615383499,-0.19912188514184082,-0.292591674707968,0.4057971014492754,signed_mag_tail_hard_reference,42
signed_mag_tail_hard_reference:gene_shuffle_0043:hard_predicted_orr_pct,hard_predicted_orr_pct,44,-0.1780155721209116,-0.27158635433508366,-0.17639187385930738,-0.2501348203912924,0.3612836438923395,signed_mag_tail_hard_reference,43
signed_mag_tail_hard_reference:gene_shuffle_0044:hard_predicted_orr_pct,hard_predicted_orr_pct,44,0.2587392691999506,0.3800375220678239,0.24381893448752875,0.3949540942776069,0.6956521739130435,signed_mag_tail_hard_reference,44
signed_mag_tail_hard_reference:gene_shuffle_0045:hard_predicted_orr_pct,hard_predicted_orr_pct,44,0.03971178554377294,0.1310004198530812,-0.02637552013543417,-0.01411095137261713,0.5217391304347826,signed_mag_tail_hard_reference,45
signed_mag_tail_hard_reference:gene_shuffle_0046:hard_predicted_orr_pct,hard_predicted_orr_pct,44,0.15979749297180718,0.21945353533887652,0.022647934998912097,0.12438575171580622,0.6511387163561076,signed_mag_tail_hard_reference,46
signed_mag_tail_hard_reference:gene_shuffle_0047:hard_predicted_orr_pct,hard_predicted_orr_pct,44,0.12144543766959222,0.07379128566280467,0.05748473968160171,0.07347886468517492,0.5745341614906833,signed_mag_tail_hard_reference,47
signed_mag_tail_hard_reference:gene_shuffle_0048:hard_predicted_orr_pct,hard_predicted_orr_pct,44,0.23936298916736268,0.23911287212401877,0.2838141248143121,0.32986068580614913,0.7049689440993789,signed_mag_tail_hard_reference,48
signed_mag_tail_hard_reference:gene_shuffle_0049:hard_predicted_orr_pct,hard_predicted_orr_pct,44,0.005428377650372296,0.006348662387568755,0.21013786988495686,0.2850360749226938,0.5714285714285714,signed_mag_tail_hard_reference,49
signed_mag_tail_hard_reference:gene_shuffle_0050:hard_predicted_orr_pct,hard_predicted_orr_pct,44,-0.25780397642282704,-0.3480234503244185,-0.34228164456042404,-0.46342986133479064,0.3447204968944099,signed_mag_tail_hard_reference,50
signed_mag_tail_hard_reference:gene_shuffle_0051:hard_predicted_orr_pct,hard_predicted_orr_pct,44,-0.22649779820692778,-0.3788949366256512,-0.23537094564994,-0.3547999314088519,0.29606625258799174,signed_mag_tail_hard_reference,51
signed_mag_tail_hard_reference:gene_shuffle_0052:hard_predicted_orr_pct,hard_predicted_orr_pct,44,0.12980357316367197,0.24880326465954689,0.13551146983392606,0.34587834420895386,0.7070393374741201,signed_mag_tail_hard_reference,52
signed_mag_tail_hard_reference:gene_shuffle_0053:hard_predicted_orr_pct,hard_predicted_orr_pct,44,0.059225198940226154,-0.0040348271798781145,0.054449569362936594,0.03640920183887895,0.46790890269151136,signed_mag_tail_hard_reference,53
signed_mag_tail_hard_reference:gene_shuffle_0054:hard_predicted_orr_pct,hard_predicted_orr_pct,44,0.2021293318989674,0.2173330809288799,-0.09471238479931386,-0.16605308473713862,0.494824016563147,signed_mag_tail_hard_reference,54
signed_mag_tail_hard_reference:gene_shuffle_0055:hard_predicted_orr_pct,hard_predicted_orr_pct,44,-0.17490989930308226,-0.19456397866185965,-0.13997542968819468,-0.14668543501340015,0.4026915113871636,signed_mag_tail_hard_reference,55
signed_mag_tail_hard_reference:gene_shuffle_0056:hard_predicted_orr_pct,hard_predicted_orr_pct,44,0.2959621613992855,0.10580037188655801,0.22222446779216432,0.06574286887157532,0.5362318840579711,signed_mag_tail_hard_reference,56
signed_mag_tail_hard_reference:gene_shuffle_0057:hard_predicted_orr_pct,hard_predicted_orr_pct,44,-0.06098091648126336,-0.10450206282692673,-0.2401019858960608,-0.2787216406469507,0.4575569358178054,signed_mag_tail_hard_reference,57
signed_mag_tail_hard_reference:gene_shuffle_0058:hard_predicted_orr_pct,hard_predicted_orr_pct,44,-0.04803743178851122,-0.05088957077200968,0.18658495660407803,0.260271940407125,0.6024844720496895,signed_mag_tail_hard_reference,58
signed_mag_tail_hard_reference:gene_shuffle_0059:hard_predicted_orr_pct,hard_predicted_orr_pct,44,-0.008086013764659616,-0.0880217207104611,0.026098629223974903,-0.02745742052648746,0.453416149068323,signed_mag_tail_hard_reference,59
signed_mag_tail_hard_reference:gene_shuffle_0060:hard_predicted_orr_pct,hard_predicted_orr_pct,44,-0.3601777274016196,-0.4634295996583065,-0.22719160122605772,-0.4433229527200693,0.2815734989648033,signed_mag_tail_hard_reference,60
signed_mag_tail_hard_reference:gene_shuffle_0061:hard_predicted_orr_pct,hard_predicted_orr_pct,44,0.2244973712774883,0.27830263253797877,0.23721339817702047,0.3353809594243803,0.6811594202898551,signed_mag_tail_hard_reference,61
signed_mag_tail_hard_reference:gene_shuffle_0062:hard_predicted_orr_pct,hard_predicted_orr_pct,44,-0.3741995845071021,-0.4631254970275771,-0.24834836114132292,-0.403936468748827,0.3002070393374741,signed_mag_tail_hard_reference,62
signed_mag_tail_hard_reference:gene_shuffle_0063:hard_predicted_orr_pct,hard_predicted_orr_pct,44,-0.2572930561563053,-0.35732673760170164,-0.04585270793573806,-0.027347491491929523,0.45962732919254656,signed_mag_tail_hard_reference,63
signed_mag_tail_hard_reference:gene_shuffle_0064:hard_predicted_orr_pct,hard_predicted_orr_pct,44,0.1852838689758549,0.27395565199014454,0.25926329806926923,0.388534401886095,0.660455486542443,signed_mag_tail_hard_reference,64
signed_mag_tail_hard_reference:gene_shuffle_0065:hard_predicted_orr_pct,hard_predicted_orr_pct,44,0.10275276202405054,0.20804569220890673,0.10325591149827468,0.259748713931567,0.5973084886128365,signed_mag_tail_hard_reference,65
signed_mag_tail_hard_reference:gene_shuffle_0066:hard_predicted_orr_pct,hard_predicted_orr_pct,44,-0.23330549253864344,-0.3017681756566153,-0.20662307804161573,-0.2877419100424619,0.45652173913043476,signed_mag_tail_hard_reference,66
signed_mag_tail_hard_reference:gene_shuffle_0067:hard_predicted_orr_pct,hard_predicted_orr_pct,44,-0.2808860484215526,-0.2589786394114497,0.06515500058387191,0.18360980497840199,0.5134575569358178,signed_mag_tail_hard_reference,67
signed_mag_tail_hard_reference:gene_shuffle_0068:hard_predicted_orr_pct,hard_predicted_orr_pct,44,0.31703701734754774,0.36582258821770053,0.36956990552883423,0.4410636296602444,0.7163561076604554,signed_mag_tail_hard_reference,68
signed_mag_tail_hard_reference:gene_shuffle_0069:hard_predicted_orr_pct,hard_predicted_orr_pct,44,0.31633729355140566,0.3088589003722516,0.16776887435188156,0.314825354793407,0.660455486542443,signed_mag_tail_hard_reference,69
signed_mag_tail_hard_reference:gene_shuffle_0070:hard_predicted_orr_pct,hard_predicted_orr_pct,44,-0.2437782364619868,-0.25388031184100496,-0.175311273516834,-0.26992045506257467,0.40062111801242234,signed_mag_tail_hard_reference,70
signed_mag_tail_hard_reference:gene_shuffle_0071:hard_predicted_orr_pct,hard_predicted_orr_pct,44,0.27235196255918337,0.2667832816374846,0.1969905572198856,0.19605541901027657,0.6252587991718427,signed_mag_tail_hard_reference,71
signed_mag_tail_hard_reference:gene_shuffle_0072:hard_predicted_orr_pct,hard_predicted_orr_pct,44,-0.31767750655333304,-0.36532735369563074,-0.4025212749109941,-0.4846390372210828,0.33436853002070394,signed_mag_tail_hard_reference,72
signed_mag_tail_hard_reference:gene_shuffle_0073:hard_predicted_orr_pct,hard_predicted_orr_pct,44,0.2379086851459811,0.22610790945321968,0.3085105797979347,0.29879436117493813,0.5755693581780539,signed_mag_tail_hard_reference,73
signed_mag_tail_hard_reference:gene_shuffle_0074:hard_predicted_orr_pct,hard_predicted_orr_pct,44,-0.176032919348913,-0.2665983978248854,0.019546771080203102,-0.18397256480904228,0.39337474120082816,signed_mag_tail_hard_reference,74
signed_mag_tail_hard_reference:gene_shuffle_0075:hard_predicted_orr_pct,hard_predicted_orr_pct,44,-0.2501471546613683,-0.3057489850354999,-0.06695342510748306,-0.08807645846322854,0.4192546583850932,signed_mag_tail_hard_reference,75
signed_mag_tail_hard_reference:gene_shuffle_0076:hard_predicted_orr_pct,hard_predicted_orr_pct,44,-0.21434200354994923,-0.3021014759046524,-0.22578067483915654,-0.3133683141682234,0.36438923395445133,signed_mag_tail_hard_reference,76
signed_mag_tail_hard_reference:gene_shuffle_0077:hard_predicted_orr_pct,hard_predicted_orr_pct,44,0.0458763147448277,0.0746727997009363,0.15239212416041908,0.14301848289910998,0.5372670807453416,signed_mag_tail_hard_reference,77
signed_mag_tail_hard_reference:gene_shuffle_0078:hard_predicted_orr_pct,hard_predicted_orr_pct,44,0.1555641350815981,0.15439001738180355,0.055945335667751846,0.18643224549569246,0.6438923395445134,signed_mag_tail_hard_reference,78
signed_mag_tail_hard_reference:gene_shuffle_0079:hard_predicted_orr_pct,hard_predicted_orr_pct,44,-0.012302157134230648,0.01814461946439902,-0.06034112782443372,-0.018577075497425464,0.5196687370600414,signed_mag_tail_hard_reference,79
signed_mag_tail_hard_reference:gene_shuffle_0080:hard_predicted_orr_pct,hard_predicted_orr_pct,44,0.3127433952351465,0.24543163297952064,0.1520879161319006,0.16046186170688684,0.598343685300207,signed_mag_tail_hard_reference,80
signed_mag_tail_hard_reference:gene_shuffle_0081:hard_predicted_orr_pct,hard_predicted_orr_pct,44,0.10838860825270535,0.142928301562727,0.1310634989977682,0.08223367203496428,0.5372670807453416,signed_mag_tail_hard_reference,81
signed_mag_tail_hard_reference:gene_shuffle_0082:hard_predicted_orr_pct,hard_predicted_orr_pct,44,0.284664510054992,0.2365405076267935,0.2484118260254041,0.1812536647974642,0.5507246376811594,signed_mag_tail_hard_reference,82
signed_mag_tail_hard_reference:gene_shuffle_0083:hard_predicted_orr_pct,hard_predicted_orr_pct,44,-0.1534120099271341,-0.18078037679215397,-0.25455726073927243,-0.3165523902369771,0.42650103519668736,signed_mag_tail_hard_reference,83
signed_mag_tail_hard_reference:gene_shuffle_0084:hard_predicted_orr_pct,hard_predicted_orr_pct,44,0.0038936117921128943,-0.016355722153472415,0.0672296193382708,0.06492952564586527,0.4906832298136646,signed_mag_tail_hard_reference,84
signed_mag_tail_hard_reference:gene_shuffle_0085:hard_predicted_orr_pct,hard_predicted_orr_pct,44,0.017804494745236946,0.08112545378541533,0.03923258158045941,-0.004694343456093048,0.4109730848861284,signed_mag_tail_hard_reference,85
signed_mag_tail_hard_reference:gene_shuffle_0086:hard_predicted_orr_pct,hard_predicted_orr_pct,44,-0.02512280230997485,0.038946334647531194,0.1961229910335809,0.3453377843406499,0.5745341614906833,signed_mag_tail_hard_reference,86
signed_mag_tail_hard_reference:gene_shuffle_0087:hard_predicted_orr_pct,hard_predicted_orr_pct,44,-0.2394906328034428,-0.23184024128340544,-0.30039652752273655,-0.316706474960514,0.36645962732919257,signed_mag_tail_hard_reference,87
signed_mag_tail_hard_reference:gene_shuffle_0088:hard_predicted_orr_pct,hard_predicted_orr_pct,44,0.22110544176561145,0.24806438368006956,0.29244928816332233,0.3826088291405518,0.6946169772256728,signed_mag_tail_hard_reference,88
signed_mag_tail_hard_reference:gene_shuffle_0089:hard_predicted_orr_pct,hard_predicted_orr_pct,44,0.0736631515588748,0.04294810049207258,0.288534698685342,0.251050554534332,0.5289855072463768,signed_mag_tail_hard_reference,89
signed_mag_tail_hard_reference:gene_shuffle_0090:hard_predicted_orr_pct,hard_predicted_orr_pct,44,-0.23603121218448497,-0.3141346523279131,-0.08502580496204268,-0.07195679933759819,0.453416149068323,signed_mag_tail_hard_reference,90
signed_mag_tail_hard_reference:gene_shuffle_0091:hard_predicted_orr_pct,hard_predicted_orr_pct,44,0.23598225066296213,0.2560813388395415,0.2636221045596395,0.38708764424406156,0.7008281573498965,signed_mag_tail_hard_reference,91
signed_mag_tail_hard_reference:gene_shuffle_0092:hard_predicted_orr_pct,hard_predicted_orr_pct,44,-0.080116082161455,-0.08276827675463008,-0.10977313734038255,-0.1347709658861876,0.474120082815735,signed_mag_tail_hard_reference,92
signed_mag_tail_hard_reference:gene_shuffle_0093:hard_predicted_orr_pct,hard_predicted_orr_pct,44,-0.18315472211349776,-0.3717938974784916,-0.23990111118684462,-0.23683444426329345,0.35921325051759834,signed_mag_tail_hard_reference,93
signed_mag_tail_hard_reference:gene_shuffle_0094:hard_predicted_orr_pct,hard_predicted_orr_pct,44,0.15499658033157027,0.275923237688819,0.050466954050141725,0.17989068931277144,0.6325051759834368,signed_mag_tail_hard_reference,94
signed_mag_tail_hard_reference:gene_shuffle_0095:hard_predicted_orr_pct,hard_predicted_orr_pct,44,-0.37583600554567054,-0.3446392655925589,-0.3615734445367968,-0.31804385606022784,0.38509316770186336,signed_mag_tail_hard_reference,95
signed_mag_tail_hard_reference:gene_shuffle_0096:hard_predicted_orr_pct,hard_predicted_orr_pct,44,-0.32752952354075926,-0.4067302033604952,-0.2708480578700476,-0.27605103228717465,0.39751552795031053,signed_mag_tail_hard_reference,96
signed_mag_tail_hard_reference:gene_shuffle_0097:hard_predicted_orr_pct,hard_predicted_orr_pct,44,-0.20660447294546577,-0.15999731139419934,-0.3338362809892905,-0.37601042845780336,0.35403726708074534,signed_mag_tail_hard_reference,97
signed_mag_tail_hard_reference:gene_shuffle_0098:hard_predicted_orr_pct,hard_predicted_orr_pct,44,-0.13912431828081764,-0.029691373428555972,-0.17137357034812056,-0.09405289328538458,0.4658385093167702,signed_mag_tail_hard_reference,98
signed_mag_tail_hard_reference:gene_shuffle_0099:hard_predicted_orr_pct,hard_predicted_orr_pct,44,-0.4289972229956066,-0.47907845502890317,-0.41267902613328067,-0.4791236314908396,0.2919254658385093,signed_mag_tail_hard_reference,99
grid_covgate90_magm0005_tailm0020:real:hard_predicted_orr_pct,hard_predicted_orr_pct,44,0.6079706487039465,0.6804822505368814,0.47161390197991854,0.5415814742613776,0.7639751552795031,grid_covgate90_magm0005_tailm0020,real
grid_covgate90_magm0005_tailm0020:gene_shuffle_0000:hard_predicted_orr_pct,hard_predicted_orr_pct,44,0.2774496082884611,0.3429722379483574,0.16377062349881505,0.3383683033536805,0.6718426501035196,grid_covgate90_magm0005_tailm0020,0
grid_covgate90_magm0005_tailm0020:gene_shuffle_0001:hard_predicted_orr_pct,hard_predicted_orr_pct,44,-0.0024561696254094267,-0.014157288350449526,0.15072568098141284,0.1282698991865717,0.546583850931677,grid_covgate90_magm0005_tailm0020,1
grid_covgate90_magm0005_tailm0020:gene_shuffle_0002:hard_predicted_orr_pct,hard_predicted_orr_pct,44,-0.13920164971861332,-0.24569568074523018,-0.052808387913970384,-0.23311767629847938,0.3333333333333333,grid_covgate90_magm0005_tailm0020,2
grid_covgate90_magm0005_tailm0020:gene_shuffle_0003:hard_predicted_orr_pct,hard_predicted_orr_pct,44,-0.20304106618154927,-0.1472879564852089,0.09560449247234458,0.10789407262706817,0.5238095238095238,grid_covgate90_magm0005_tailm0020,3
grid_covgate90_magm0005_tailm0020:gene_shuffle_0004:hard_predicted_orr_pct,hard_predicted_orr_pct,44,0.2881148003042965,0.2632510090803668,0.42824192727497834,0.5018698241511371,0.6532091097308489,grid_covgate90_magm0005_tailm0020,4
grid_covgate90_magm0005_tailm0020:gene_shuffle_0005:hard_predicted_orr_pct,hard_predicted_orr_pct,44,0.3812194750251828,0.3087997993065655,0.22335604286111008,0.25142939415451726,0.598343685300207,grid_covgate90_magm0005_tailm0020,5
grid_covgate90_magm0005_tailm0020:gene_shuffle_0006:hard_predicted_orr_pct,hard_predicted_orr_pct,44,-0.16316877945644648,-0.2033720887601339,0.1277780049824393,0.05750268147220464,0.49585921325051757,grid_covgate90_magm0005_tailm0020,6
grid_covgate90_magm0005_tailm0020:gene_shuffle_0007:hard_predicted_orr_pct,hard_predicted_orr_pct,44,-0.1605297127782841,-0.26077114135258284,-0.18782805792784169,-0.326051173292286,0.3146997929606625,grid_covgate90_magm0005_tailm0020,7
grid_covgate90_magm0005_tailm0020:gene_shuffle_0008:hard_predicted_orr_pct,hard_predicted_orr_pct,44,-0.2072030697253115,-0.27678903911799746,-0.24507441546755818,-0.36460797963047137,0.36853002070393376,grid_covgate90_magm0005_tailm0020,8
grid_covgate90_magm0005_tailm0020:gene_shuffle_0009:hard_predicted_orr_pct,hard_predicted_orr_pct,44,-0.1389489840996035,-0.16980964824009884,-0.3400090809182263,-0.4150562111596002,0.34057971014492755,grid_covgate90_magm0005_tailm0020,9
grid_covgate90_magm0005_tailm0020:gene_shuffle_0010:hard_predicted_orr_pct,hard_predicted_orr_pct,44,-0.10950451803214444,-0.09460272998057533,-0.12490487770756988,-0.19632518546725677,0.37888198757763975,grid_covgate90_magm0005_tailm0020,10
grid_covgate90_magm0005_tailm0020:gene_shuffle_0011:hard_predicted_orr_pct,hard_predicted_orr_pct,44,-0.09724483168332476,-0.04422075723443528,0.13731163471790295,0.22784625882575174,0.5527950310559007,grid_covgate90_magm0005_tailm0020,11
grid_covgate90_magm0005_tailm0020:gene_shuffle_0012:hard_predicted_orr_pct,hard_predicted_orr_pct,44,0.19314681428094183,0.1375367822513748,0.17839611942666314,0.17989675973638042,0.6107660455486542,grid_covgate90_magm0005_tailm0020,12
grid_covgate90_magm0005_tailm0020:gene_shuffle_0013:hard_predicted_orr_pct,hard_predicted_orr_pct,44,0.1504452139247475,0.1167813059539958,0.2756810859414878,0.2898838198704091,0.6438923395445134,grid_covgate90_magm0005_tailm0020,13
grid_covgate90_magm0005_tailm0020:gene_shuffle_0014:hard_predicted_orr_pct,hard_predicted_orr_pct,44,-0.10762741210078455,-0.06253589211864732,0.13866916357011871,0.07862861404622265,0.489648033126294,grid_covgate90_magm0005_tailm0020,14
grid_covgate90_magm0005_tailm0020:gene_shuffle_0015:hard_predicted_orr_pct,hard_predicted_orr_pct,44,-0.07372219449296097,-0.10847315255777852,0.08679357436673923,-0.008418274754644486,0.4834368530020704,grid_covgate90_magm0005_tailm0020,15
grid_covgate90_magm0005_tailm0020:gene_shuffle_0016:hard_predicted_orr_pct,hard_predicted_orr_pct,44,-0.37405422777863506,-0.34962135793165966,-0.33458727104958275,-0.3077395640936805,0.35093167701863354,grid_covgate90_magm0005_tailm0020,16
grid_covgate90_magm0005_tailm0020:gene_shuffle_0017:hard_predicted_orr_pct,hard_predicted_orr_pct,44,0.04852264029770302,0.10467754103595656,0.23144623963463318,0.33895813424684473,0.660455486542443,grid_covgate90_magm0005_tailm0020,17
grid_covgate90_magm0005_tailm0020:gene_shuffle_0018:hard_predicted_orr_pct,hard_predicted_orr_pct,44,-0.07759449845312354,-0.05349970269160413,0.2020602659663567,0.28655336953204413,0.5900621118012422,grid_covgate90_magm0005_tailm0020,18
grid_covgate90_magm0005_tailm0020:gene_shuffle_0019:hard_predicted_orr_pct,hard_predicted_orr_pct,44,0.10756982289092637,0.03625736461775738,-0.05120801551669,-0.13634867613554397,0.37577639751552794,grid_covgate90_magm0005_tailm0020,19
grid_covgate90_magm0005_tailm0020:gene_shuffle_0020:hard_predicted_orr_pct,hard_predicted_orr_pct,44,0.28538908755789394,0.3371061640799442,0.25205615888379757,0.3633013611049539,0.7028985507246377,grid_covgate90_magm0005_tailm0020,20
grid_covgate90_magm0005_tailm0020:gene_shuffle_0021:hard_predicted_orr_pct,hard_predicted_orr_pct,44,-0.05138969780008816,-0.14879631602265497,-0.07433921850075612,-0.181396889238287,0.40165631469979296,grid_covgate90_magm0005_tailm0020,21
grid_covgate90_magm0005_tailm0020:gene_shuffle_0022:hard_predicted_orr_pct,hard_predicted_orr_pct,44,-0.08613477892499107,-0.07067856400269668,-0.0017638636555333484,0.14005949986651037,0.5372670807453416,grid_covgate90_magm0005_tailm0020,22
grid_covgate90_magm0005_tailm0020:gene_shuffle_0023:hard_predicted_orr_pct,hard_predicted_orr_pct,44,0.09919843761922928,0.2549560432911436,0.04821695856251311,0.23073102515769683,0.5952380952380952,grid_covgate90_magm0005_tailm0020,23
grid_covgate90_magm0005_tailm0020:gene_shuffle_0024:hard_predicted_orr_pct,hard_predicted_orr_pct,44,-0.05271314657268697,-0.14114127896574286,-0.20331721094706187,-0.2570621490146144,0.44616977225672877,grid_covgate90_magm0005_tailm0020,24
grid_covgate90_magm0005_tailm0020:gene_shuffle_0025:hard_predicted_orr_pct,hard_predicted_orr_pct,44,-0.06684381600405875,-0.11824847602424325,0.0023803636565922393,-0.03774356340266301,0.5279503105590062,grid_covgate90_magm0005_tailm0020,25
grid_covgate90_magm0005_tailm0020:gene_shuffle_0026:hard_predicted_orr_pct,hard_predicted_orr_pct,44,-0.021856375763910835,0.025123503604506044,-0.07730867184450511,0.14323972040189661,0.5414078674948241,grid_covgate90_magm0005_tailm0020,26
grid_covgate90_magm0005_tailm0020:gene_shuffle_0027:hard_predicted_orr_pct,hard_predicted_orr_pct,44,-0.07629326095111752,-0.045536753033892645,-0.1310076633952574,-0.17650971169865784,0.4140786749482402,grid_covgate90_magm0005_tailm0020,27
grid_covgate90_magm0005_tailm0020:gene_shuffle_0028:hard_predicted_orr_pct,hard_predicted_orr_pct,44,-0.2094789518359232,-0.16668893509217117,-0.012615388102603046,-0.062479113849461636,0.5124223602484472,grid_covgate90_magm0005_tailm0020,28
grid_covgate90_magm0005_tailm0020:gene_shuffle_0029:hard_predicted_orr_pct,hard_predicted_orr_pct,44,-0.3246339388997542,-0.32921969280975816,-0.3862000763950241,-0.4226586095656642,0.3612836438923395,grid_covgate90_magm0005_tailm0020,29
grid_covgate90_magm0005_tailm0020:gene_shuffle_0030:hard_predicted_orr_pct,hard_predicted_orr_pct,44,-0.13568232019113025,-0.12557671340172236,-0.19701554266076984,-0.3849848621662711,0.39026915113871635,grid_covgate90_magm0005_tailm0020,30
grid_covgate90_magm0005_tailm0020:gene_shuffle_0031:hard_predicted_orr_pct,hard_predicted_orr_pct,44,0.11974619242832353,0.22138415758159702,0.25297490435266684,0.3429684463081643,0.598343685300207,grid_covgate90_magm0005_tailm0020,31
grid_covgate90_magm0005_tailm0020:gene_shuffle_0032:hard_predicted_orr_pct,hard_predicted_orr_pct,44,0.046695416467147866,-0.01675670055505353,0.25270394359534426,0.2489390389534892,0.5269151138716356,grid_covgate90_magm0005_tailm0020,32
grid_covgate90_magm0005_tailm0020:gene_shuffle_0033:hard_predicted_orr_pct,hard_predicted_orr_pct,44,-0.07438451348488218,-0.050063613806151354,-0.30320313073527794,-0.3392329300443638,0.40165631469979296,grid_covgate90_magm0005_tailm0020,33
grid_covgate90_magm0005_tailm0020:gene_shuffle_0034:hard_predicted_orr_pct,hard_predicted_orr_pct,44,-0.16086831650991645,-0.1762992148813972,-0.020507625175573453,0.08360332796482307,0.5248447204968945,grid_covgate90_magm0005_tailm0020,34
grid_covgate90_magm0005_tailm0020:gene_shuffle_0035:hard_predicted_orr_pct,hard_predicted_orr_pct,44,-0.05229960669123401,-0.024883196354758365,0.220441659278351,0.2783278016778004,0.5238095238095238,grid_covgate90_magm0005_tailm0020,35
grid_covgate90_magm0005_tailm0020:gene_shuffle_0036:hard_predicted_orr_pct,hard_predicted_orr_pct,44,-0.21684823909223766,-0.3082701216230143,-0.17774054254165222,-0.3493675073710084,0.31780538302277433,grid_covgate90_magm0005_tailm0020,36
grid_covgate90_magm0005_tailm0020:gene_shuffle_0037:hard_predicted_orr_pct,hard_predicted_orr_pct,44,-0.2186410657786345,-0.3764443258707875,-0.2360827815697418,-0.41624654128753286,0.2908902691511387,grid_covgate90_magm0005_tailm0020,37
grid_covgate90_magm0005_tailm0020:gene_shuffle_0038:hard_predicted_orr_pct,hard_predicted_orr_pct,44,-0.007624567366486756,0.03516041007302974,0.18000739660969678,0.18309128830289786,0.6024844720496895,grid_covgate90_magm0005_tailm0020,38
grid_covgate90_magm0005_tailm0020:gene_shuffle_0039:hard_predicted_orr_pct,hard_predicted_orr_pct,44,0.08790461679406011,0.08150230227656691,0.16088901238797992,0.3576487758917773,0.6853002070393375,grid_covgate90_magm0005_tailm0020,39
grid_covgate90_magm0005_tailm0020:gene_shuffle_0040:hard_predicted_orr_pct,hard_predicted_orr_pct,44,0.07918308022511478,0.03605376951831008,0.13397222166528233,0.28900535817705164,0.65527950310559,grid_covgate90_magm0005_tailm0020,40
grid_covgate90_magm0005_tailm0020:gene_shuffle_0041:hard_predicted_orr_pct,hard_predicted_orr_pct,44,-0.14134275257524093,-0.25959119806436637,-0.19576969409420178,-0.30775193140606444,0.3581780538302277,grid_covgate90_magm0005_tailm0020,41
grid_covgate90_magm0005_tailm0020:gene_shuffle_0042:hard_predicted_orr_pct,hard_predicted_orr_pct,44,-0.30804157084403994,-0.3927402910169957,-0.2320357913105189,-0.3186812232596399,0.3778467908902691,grid_covgate90_magm0005_tailm0020,42
grid_covgate90_magm0005_tailm0020:gene_shuffle_0043:hard_predicted_orr_pct,hard_predicted_orr_pct,44,-0.17433088230383845,-0.2461988391067271,-0.1790561736664839,-0.252174488221258,0.39233954451345754,grid_covgate90_magm0005_tailm0020,43
grid_covgate90_magm0005_tailm0020:gene_shuffle_0044:hard_predicted_orr_pct,hard_predicted_orr_pct,44,0.2440336264224681,0.34233464046898315,0.21854170030788822,0.3776855126387634,0.6635610766045549,grid_covgate90_magm0005_tailm0020,44
grid_covgate90_magm0005_tailm0020:gene_shuffle_0045:hard_predicted_orr_pct,hard_predicted_orr_pct,44,-0.021056262410213092,0.11348639318867473,-0.10960797044201666,-0.05779101760522637,0.489648033126294,grid_covgate90_magm0005_tailm0020,45
grid_covgate90_magm0005_tailm0020:gene_shuffle_0046:hard_predicted_orr_pct,hard_predicted_orr_pct,44,0.22656386396049297,0.3079140123166325,0.1065509620195129,0.21365533009793933,0.6790890269151139,grid_covgate90_magm0005_tailm0020,46
grid_covgate90_magm0005_tailm0020:gene_shuffle_0047:hard_predicted_orr_pct,hard_predicted_orr_pct,44,0.12825881693229924,0.04659961567357988,0.04213567507527664,0.053954860868605604,0.5579710144927537,grid_covgate90_magm0005_tailm0020,47
grid_covgate90_magm0005_tailm0020:gene_shuffle_0048:hard_predicted_orr_pct,hard_predicted_orr_pct,44,0.26594483123080986,0.2444880870804857,0.27557167921235476,0.34182511321329334,0.7039337474120083,grid_covgate90_magm0005_tailm0020,48
grid_covgate90_magm0005_tailm0020:gene_shuffle_0049:hard_predicted_orr_pct,hard_predicted_orr_pct,44,0.01770314429918332,0.027253920664721293,0.21268633872615914,0.2978184269130002,0.5745341614906833,grid_covgate90_magm0005_tailm0020,49
grid_covgate90_magm0005_tailm0020:gene_shuffle_0050:hard_predicted_orr_pct,hard_predicted_orr_pct,44,-0.28892223748735524,-0.3290528596690565,-0.3645623895436028,-0.45482151021727724,0.36231884057971014,grid_covgate90_magm0005_tailm0020,50
grid_covgate90_magm0005_tailm0020:gene_shuffle_0051:hard_predicted_orr_pct,hard_predicted_orr_pct,44,-0.19654052267849886,-0.3493780823316464,-0.20923143007863718,-0.3384632129410387,0.3064182194616977,grid_covgate90_magm0005_tailm0020,51
grid_covgate90_magm0005_tailm0020:gene_shuffle_0052:hard_predicted_orr_pct,hard_predicted_orr_pct,44,0.0865995818919211,0.1725217034111143,0.08461944240881883,0.31015297801956143,0.7018633540372671,grid_covgate90_magm0005_tailm0020,52
grid_covgate90_magm0005_tailm0020:gene_shuffle_0053:hard_predicted_orr_pct,hard_predicted_orr_pct,44,0.04703905158717907,0.0014540595008075013,0.07195378099865259,0.06096430195974738,0.474120082815735,grid_covgate90_magm0005_tailm0020,53
grid_covgate90_magm0005_tailm0020:gene_shuffle_0054:hard_predicted_orr_pct,hard_predicted_orr_pct,44,0.17265137961593804,0.20749343628308234,-0.07651629641810948,-0.0764544735521087,0.520703933747412,grid_covgate90_magm0005_tailm0020,54
grid_covgate90_magm0005_tailm0020:gene_shuffle_0055:hard_predicted_orr_pct,hard_predicted_orr_pct,44,-0.1570204827958113,-0.21620202705791136,-0.13936145631026745,-0.1763693347994915,0.37888198757763975,grid_covgate90_magm0005_tailm0020,55
grid_covgate90_magm0005_tailm0020:gene_shuffle_0056:hard_predicted_orr_pct,hard_predicted_orr_pct,44,0.2524517428302078,0.11776306491818492,0.1884659481707478,0.010117160250481469,0.5196687370600414,grid_covgate90_magm0005_tailm0020,56
grid_covgate90_magm0005_tailm0020:gene_shuffle_0057:hard_predicted_orr_pct,hard_predicted_orr_pct,44,-0.02676330560196094,-0.13317096964615455,-0.23089306892511813,-0.2692520702993646,0.45445134575569357,grid_covgate90_magm0005_tailm0020,57
grid_covgate90_magm0005_tailm0020:gene_shuffle_0058:hard_predicted_orr_pct,hard_predicted_orr_pct,44,-0.10786608061067736,-0.11965211054420204,0.10843328510673042,0.18840101863160513,0.5393374741200828,grid_covgate90_magm0005_tailm0020,58
grid_covgate90_magm0005_tailm0020:gene_shuffle_0059:hard_predicted_orr_pct,hard_predicted_orr_pct,44,-0.009609636733143856,-0.08198943964738965,0.06142899625858467,0.029898590703720956,0.4886128364389234,grid_covgate90_magm0005_tailm0020,59
grid_covgate90_magm0005_tailm0020:gene_shuffle_0060:hard_predicted_orr_pct,hard_predicted_orr_pct,44,-0.34006186697178087,-0.45273676260684337,-0.21117903696649512,-0.4198351045969818,0.2784679089026915,grid_covgate90_magm0005_tailm0020,60
grid_covgate90_magm0005_tailm0020:gene_shuffle_0061:hard_predicted_orr_pct,hard_predicted_orr_pct,44,0.24717533429579291,0.3009498577416468,0.23091420333415763,0.32034034060826355,0.6677018633540373,grid_covgate90_magm0005_tailm0020,61
grid_covgate90_magm0005_tailm0020:gene_shuffle_0062:hard_predicted_orr_pct,hard_predicted_orr_pct,44,-0.35475400184850014,-0.4418267429115697,-0.23041988137289462,-0.34824120671993697,0.3188405797101449,grid_covgate90_magm0005_tailm0020,62
grid_covgate90_magm0005_tailm0020:gene_shuffle_0063:hard_predicted_orr_pct,hard_predicted_orr_pct,44,-0.25158705978888507,-0.32180460844854847,-0.026788142048807004,0.007910561640677282,0.494824016563147,grid_covgate90_magm0005_tailm0020,63
grid_covgate90_magm0005_tailm0020:gene_shuffle_0064:hard_predicted_orr_pct,hard_predicted_orr_pct,44,0.25195881311154034,0.3331681843859933,0.3371446648523207,0.41323354963754416,0.6687370600414079,grid_covgate90_magm0005_tailm0020,64
grid_covgate90_magm0005_tailm0020:gene_shuffle_0065:hard_predicted_orr_pct,hard_predicted_orr_pct,44,0.11590614189138232,0.19417212842266743,0.1461564874403134,0.29630095904126563,0.6118012422360248,grid_covgate90_magm0005_tailm0020,65
grid_covgate90_magm0005_tailm0020:gene_shuffle_0066:hard_predicted_orr_pct,hard_predicted_orr_pct,44,-0.26753114556009727,-0.32868774008252893,-0.2115589763675296,-0.2320029378050174,0.4813664596273292,grid_covgate90_magm0005_tailm0020,66
grid_covgate90_magm0005_tailm0020:gene_shuffle_0067:hard_predicted_orr_pct,hard_predicted_orr_pct,44,-0.313215489720182,-0.2937038824703417,-0.027362075543421516,0.12770752166098898,0.4886128364389234,grid_covgate90_magm0005_tailm0020,67
grid_covgate90_magm0005_tailm0020:gene_shuffle_0068:hard_predicted_orr_pct,hard_predicted_orr_pct,44,0.1516496110472635,0.20833838957418216,0.2522075784339756,0.274995183578014,0.6273291925465838,grid_covgate90_magm0005_tailm0020,68
grid_covgate90_magm0005_tailm0020:gene_shuffle_0069:hard_predicted_orr_pct,hard_predicted_orr_pct,44,0.33041170918961466,0.34173043086981175,0.1581479833610791,0.320405503439983,0.6832298136645962,grid_covgate90_magm0005_tailm0020,69
grid_covgate90_magm0005_tailm0020:gene_shuffle_0070:hard_predicted_orr_pct,hard_predicted_orr_pct,44,-0.25426638540194224,-0.30377755511725424,-0.18851439686256022,-0.27351771580378664,0.386128364389234,grid_covgate90_magm0005_tailm0020,70
grid_covgate90_magm0005_tailm0020:gene_shuffle_0071:hard_predicted_orr_pct,hard_predicted_orr_pct,44,0.2773271212834401,0.2525815796433294,0.20500045435555342,0.20083629653300916,0.6159420289855072,grid_covgate90_magm0005_tailm0020,71
grid_covgate90_magm0005_tailm0020:gene_shuffle_0072:hard_predicted_orr_pct,hard_predicted_orr_pct,44,-0.371517903531996,-0.40320516851601285,-0.44902531438362125,-0.5090102675845062,0.35196687370600416,grid_covgate90_magm0005_tailm0020,72
grid_covgate90_magm0005_tailm0020:gene_shuffle_0073:hard_predicted_orr_pct,hard_predicted_orr_pct,44,0.2302571975600341,0.2012995534129325,0.2934953106610675,0.2966191594188755,0.5745341614906833,grid_covgate90_magm0005_tailm0020,73
grid_covgate90_magm0005_tailm0020:gene_shuffle_0074:hard_predicted_orr_pct,hard_predicted_orr_pct,44,-0.20871843657410422,-0.2607388018700569,-0.024845464686272127,-0.1801620274675509,0.38716356107660455,grid_covgate90_magm0005_tailm0020,74
grid_covgate90_magm0005_tailm0020:gene_shuffle_0075:hard_predicted_orr_pct,hard_predicted_orr_pct,44,-0.27288451946506626,-0.2891249843279034,-0.0912512838963865,-0.06782952003211411,0.42339544513457555,grid_covgate90_magm0005_tailm0020,75
grid_covgate90_magm0005_tailm0020:gene_shuffle_0076:hard_predicted_orr_pct,hard_predicted_orr_pct,44,-0.23267170522022104,-0.2773024584042102,-0.2453311698557975,-0.297163801018342,0.38716356107660455,grid_covgate90_magm0005_tailm0020,76
grid_covgate90_magm0005_tailm0020:gene_shuffle_0077:hard_predicted_orr_pct,hard_predicted_orr_pct,44,0.10311169228664235,0.09952645730233338,0.20167985524031593,0.17800786272551833,0.5300207039337475,grid_covgate90_magm0005_tailm0020,77
grid_covgate90_magm0005_tailm0020:gene_shuffle_0078:hard_predicted_orr_pct,hard_predicted_orr_pct,44,0.10271693619928653,0.14530733464447487,0.05417454976354348,0.21519360868446866,0.6159420289855072,grid_covgate90_magm0005_tailm0020,78
grid_covgate90_magm0005_tailm0020:gene_shuffle_0079:hard_predicted_orr_pct,hard_predicted_orr_pct,44,-0.00852466444851914,0.012495070947371376,-0.05396529559235911,-0.019629959922994565,0.5031055900621118,grid_covgate90_magm0005_tailm0020,79
grid_covgate90_magm0005_tailm0020:gene_shuffle_0080:hard_predicted_orr_pct,hard_predicted_orr_pct,44,0.18787339847453816,0.1539630098898199,0.05762435219406472,0.07812601124262178,0.567287784679089,grid_covgate90_magm0005_tailm0020,80
grid_covgate90_magm0005_tailm0020:gene_shuffle_0081:hard_predicted_orr_pct,hard_predicted_orr_pct,44,0.07330043987663415,0.13488742932987363,0.07482369192341766,0.023251954852529046,0.5144927536231884,grid_covgate90_magm0005_tailm0020,81
grid_covgate90_magm0005_tailm0020:gene_shuffle_0082:hard_predicted_orr_pct,hard_predicted_orr_pct,44,0.2098744504624757,0.18146092104829872,0.15799102841251367,0.06655621195293719,0.520703933747412,grid_covgate90_magm0005_tailm0020,82
grid_covgate90_magm0005_tailm0020:gene_shuffle_0083:hard_predicted_orr_pct,hard_predicted_orr_pct,44,-0.18112089855658386,-0.20733550969672265,-0.27655593269971196,-0.3316512549318023,0.432712215320911,grid_covgate90_magm0005_tailm0020,83
grid_covgate90_magm0005_tailm0020:gene_shuffle_0084:hard_predicted_orr_pct,hard_predicted_orr_pct,44,0.01331592261577167,-0.04772349409549654,0.10297775544703473,0.08266192051189676,0.489648033126294,grid_covgate90_magm0005_tailm0020,84
grid_covgate90_magm0005_tailm0020:gene_shuffle_0085:hard_predicted_orr_pct,hard_predicted_orr_pct,44,0.0331873661912417,0.04645083608802185,0.017648289275453373,-0.044724385216430206,0.42650103519668736,grid_covgate90_magm0005_tailm0020,85
grid_covgate90_magm0005_tailm0020:gene_shuffle_0086:hard_predicted_orr_pct,hard_predicted_orr_pct,44,-0.10087616330772506,-0.035250462494468615,0.1061024458517893,0.23571238458142965,0.5082815734989649,grid_covgate90_magm0005_tailm0020,86
grid_covgate90_magm0005_tailm0020:gene_shuffle_0087:hard_predicted_orr_pct,hard_predicted_orr_pct,44,-0.27675562539452814,-0.291380697633874,-0.30688556830126335,-0.31597082377838737,0.37370600414078675,grid_covgate90_magm0005_tailm0020,87
grid_covgate90_magm0005_tailm0020:gene_shuffle_0088:hard_predicted_orr_pct,hard_predicted_orr_pct,44,0.18890594634288843,0.210035597190666,0.26811071143811643,0.34174659788568457,0.6739130434782609,grid_covgate90_magm0005_tailm0020,88
grid_covgate90_magm0005_tailm0020:gene_shuffle_0089:hard_predicted_orr_pct,hard_predicted_orr_pct,44,0.047410466250448945,0.018319689710203705,0.2568454859201979,0.2185696045629964,0.505175983436853,grid_covgate90_magm0005_tailm0020,89
grid_covgate90_magm0005_tailm0020:gene_shuffle_0090:hard_predicted_orr_pct,hard_predicted_orr_pct,44,-0.18748579494066792,-0.28711939705789574,-0.053868405412000796,-0.07659914577529979,0.44616977225672877,grid_covgate90_magm0005_tailm0020,90
grid_covgate90_magm0005_tailm0020:gene_shuffle_0091:hard_predicted_orr_pct,hard_predicted_orr_pct,44,0.15328540194913504,0.19645932861549364,0.12663262586046975,0.25128257206755716,0.6511387163561076,grid_covgate90_magm0005_tailm0020,91
grid_covgate90_magm0005_tailm0020:gene_shuffle_0092:hard_predicted_orr_pct,hard_predicted_orr_pct,44,-0.05141545860400111,-0.04413120736611601,-0.08283449231180132,-0.10881384790780665,0.4730848861283644,grid_covgate90_magm0005_tailm0020,92
grid_covgate90_magm0005_tailm0020:gene_shuffle_0093:hard_predicted_orr_pct,hard_predicted_orr_pct,44,-0.15452707112725905,-0.36364929916650446,-0.2108766776508721,-0.2613187948302485,0.35196687370600416,grid_covgate90_magm0005_tailm0020,93
grid_covgate90_magm0005_tailm0020:gene_shuffle_0094:hard_predicted_orr_pct,hard_predicted_orr_pct,44,0.19818868323325362,0.2911135291973309,0.06398223353923947,0.19298371568647235,0.650103519668737,grid_covgate90_magm0005_tailm0020,94
grid_covgate90_magm0005_tailm0020:gene_shuffle_0095:hard_predicted_orr_pct,hard_predicted_orr_pct,44,-0.3722944942740186,-0.32522201240830273,-0.3747559589504884,-0.3284849413910993,0.36231884057971014,grid_covgate90_magm0005_tailm0020,95
grid_covgate90_magm0005_tailm0020:gene_shuffle_0096:hard_predicted_orr_pct,hard_predicted_orr_pct,44,-0.30391426978781766,-0.3663186630132492,-0.28378548804501325,-0.25034226495723205,0.40062111801242234,grid_covgate90_magm0005_tailm0020,96
grid_covgate90_magm0005_tailm0020:gene_shuffle_0097:hard_predicted_orr_pct,hard_predicted_orr_pct,44,-0.15819983030118612,-0.13072455877261857,-0.30273658320998714,-0.338655524349968,0.36335403726708076,grid_covgate90_magm0005_tailm0020,97
grid_covgate90_magm0005_tailm0020:gene_shuffle_0098:hard_predicted_orr_pct,hard_predicted_orr_pct,44,-0.1769572738464693,-0.06101203624908133,-0.1990349274629497,-0.0726251756490727,0.4554865424430642,grid_covgate90_magm0005_tailm0020,98
grid_covgate90_magm0005_tailm0020:gene_shuffle_0099:hard_predicted_orr_pct,hard_predicted_orr_pct,44,-0.4342606940085237,-0.5021688707229929,-0.3973745426800641,-0.481443916391756,0.3167701863354037,grid_covgate90_magm0005_tailm0020,99
